run_date,code,name,wics,metric,period,value
2026-07-13,005930,삼성전자,반도체와반도체장비,target_price,,513958.0
2026-07-13,005930,삼성전자,반도체와반도체장비,rev_e,2026/12,7324732.0
2026-07-13,005930,삼성전자,반도체와반도체장비,op_e,2026/12,3832404.0
2026-07-13,000660,SK하이닉스,반도체와반도체장비,target_price,,3547917.0
2026-07-13,000660,SK하이닉스,반도체와반도체장비,rev_e,2026/12,3577853.0
2026-07-13,000660,SK하이닉스,반도체와반도체장비,op_e,2026/12,2767812.0
2026-07-13,402340,SK스퀘어,반도체와반도체장비,target_price,,1867143.0
2026-07-13,402340,SK스퀘어,반도체와반도체장비,rev_e,2026/12,73622.0
2026-07-13,402340,SK스퀘어,반도체와반도체장비,op_e,2026/12,430392.0
2026-07-13,009150,삼성전기,전자장비와기기,target_price,,2470000.0
2026-07-13,009150,삼성전기,전자장비와기기,rev_e,2026/12,135229.0
2026-07-13,009150,삼성전기,전자장비와기기,op_e,2026/12,16524.0
2026-07-13,005380,현대차,자동차,target_price,,808000.0
2026-07-13,005380,현대차,자동차,rev_e,2026/12,1937132.0
2026-07-13,005380,현대차,자동차,op_e,2026/12,118722.0
2026-07-13,373220,LG에너지솔루션,전기제품,target_price,,554136.0
2026-07-13,373220,LG에너지솔루션,전기제품,rev_e,2026/12,304941.0
2026-07-13,373220,LG에너지솔루션,전기제품,op_e,2026/12,11445.0
2026-07-13,105560,KB금융,은행,target_price,,217000.0
2026-07-13,105560,KB금융,은행,op_e,2026/12,92995.0
2026-07-13,032830,삼성생명,생명보험,target_price,,406179.0
2026-07-13,032830,삼성생명,생명보험,op_e,2026/12,33019.0
2026-07-13,207940,삼성바이오로직스,제약,target_price,,2055000.0
2026-07-13,207940,삼성바이오로직스,제약,rev_e,2026/12,54270.0
2026-07-13,207940,삼성바이오로직스,제약,op_e,2026/12,24946.0
2026-07-13,028260,삼성물산,복합기업,target_price,,585385.0
2026-07-13,028260,삼성물산,복합기업,rev_e,2026/12,441678.0
2026-07-13,028260,삼성물산,복합기업,op_e,2026/12,36331.0
2026-07-13,000270,기아,자동차,target_price,,232826.0
2026-07-13,000270,기아,자동차,rev_e,2026/12,1240124.0
2026-07-13,000270,기아,자동차,op_e,2026/12,102467.0
2026-07-13,055550,신한지주,은행,target_price,,132278.0
2026-07-13,055550,신한지주,은행,op_e,2026/12,76926.0
2026-07-13,329180,HD현대중공업,조선,target_price,,921048.0
2026-07-13,329180,HD현대중공업,조선,rev_e,2026/12,248924.0
2026-07-13,329180,HD현대중공업,조선,op_e,2026/12,38898.0
2026-07-13,012450,한화에어로스페이스,우주항공과국방,target_price,,1803889.0
2026-07-13,012450,한화에어로스페이스,우주항공과국방,rev_e,2026/12,302395.0
2026-07-13,012450,한화에어로스페이스,우주항공과국방,op_e,2026/12,42648.0
2026-07-13,034020,두산에너빌리티,기계,target_price,,150200.0
2026-07-13,034020,두산에너빌리티,기계,rev_e,2026/12,181012.0
2026-07-13,034020,두산에너빌리티,기계,op_e,2026/12,11196.0
2026-07-13,012330,현대모비스,자동차부품,target_price,,781200.0
2026-07-13,012330,현대모비스,자동차부품,rev_e,2026/12,652140.0
2026-07-13,012330,현대모비스,자동차부품,op_e,2026/12,37235.0
2026-07-13,034730,SK,석유와가스,target_price,,853692.0
2026-07-13,034730,SK,석유와가스,rev_e,2026/12,1418951.0
2026-07-13,034730,SK,석유와가스,op_e,2026/12,98678.0
2026-07-13,068270,셀트리온,제약,target_price,,265398.0
2026-07-13,068270,셀트리온,제약,rev_e,2026/12,53265.0
2026-07-13,068270,셀트리온,제약,op_e,2026/12,17804.0
2026-07-13,086790,하나금융지주,은행,target_price,,160474.0
2026-07-13,086790,하나금융지주,은행,op_e,2026/12,60435.0
2026-07-13,006400,삼성SDI,전기제품,target_price,,802130.0
2026-07-13,006400,삼성SDI,전기제품,rev_e,2026/12,156606.0
2026-07-13,006400,삼성SDI,전기제품,op_e,2026/12,83.0
2026-07-13,066570,LG전자,전자제품,target_price,,218250.0
2026-07-13,066570,LG전자,전자제품,rev_e,2026/12,949907.0
2026-07-13,066570,LG전자,전자제품,op_e,2026/12,42384.0
2026-07-13,035420,NAVER,양방향미디어와서비스,target_price,,329667.0
2026-07-13,035420,NAVER,양방향미디어와서비스,rev_e,2026/12,137611.0
2026-07-13,035420,NAVER,양방향미디어와서비스,op_e,2026/12,23974.0
2026-07-13,000810,삼성화재,손해보험,target_price,,696882.0
2026-07-13,000810,삼성화재,손해보험,op_e,2026/12,30345.0
2026-07-13,267260,HD현대일렉트릭,전기장비,target_price,,1456923.0
2026-07-13,267260,HD현대일렉트릭,전기장비,rev_e,2026/12,46646.0
2026-07-13,267260,HD현대일렉트릭,전기장비,op_e,2026/12,12375.0
2026-07-13,010120,LS ELECTRIC,전기장비,target_price,,268846.0
2026-07-13,010120,LS ELECTRIC,전기장비,rev_e,2026/12,61820.0
2026-07-13,010120,LS ELECTRIC,전기장비,op_e,2026/12,6602.0
2026-07-13,298040,효성중공업,전기장비,target_price,,4661538.0
2026-07-13,298040,효성중공업,전기장비,rev_e,2026/12,71214.0
2026-07-13,298040,효성중공업,전기장비,op_e,2026/12,10942.0
2026-07-13,005490,POSCO홀딩스,철강,target_price,,545529.0
2026-07-13,005490,POSCO홀딩스,철강,rev_e,2026/12,726523.0
2026-07-13,005490,POSCO홀딩스,철강,op_e,2026/12,31078.0
2026-07-13,009540,HD한국조선해양,조선,target_price,,598571.0
2026-07-13,009540,HD한국조선해양,조선,rev_e,2026/12,338030.0
2026-07-13,009540,HD한국조선해양,조선,op_e,2026/12,56418.0
2026-07-13,042660,한화오션,조선,target_price,,161150.0
2026-07-13,042660,한화오션,조선,rev_e,2026/12,140385.0
2026-07-13,042660,한화오션,조선,op_e,2026/12,19012.0
2026-07-13,316140,우리금융지주,은행,target_price,,43850.0
2026-07-13,316140,우리금융지주,은행,op_e,2026/12,43418.0
2026-07-13,006800,미래에셋증권,증권,target_price,,70500.0
2026-07-13,006800,미래에셋증권,증권,rev_e,2026/12,412959.0
2026-07-13,006800,미래에셋증권,증권,op_e,2026/12,41656.0
2026-07-13,015760,한국전력,전기유틸리티,target_price,,56667.0
2026-07-13,015760,한국전력,전기유틸리티,rev_e,2026/12,985021.0
2026-07-13,015760,한국전력,전기유틸리티,op_e,2026/12,97617.0
2026-07-13,010130,고려아연,비철금속,target_price,,1764500.0
2026-07-13,010130,고려아연,비철금속,rev_e,2026/12,234635.0
2026-07-13,010130,고려아연,비철금속,op_e,2026/12,23854.0
2026-07-13,000150,두산,복합기업,target_price,,2305385.0
2026-07-13,000150,두산,복합기업,rev_e,2026/12,216928.0
2026-07-13,000150,두산,복합기업,op_e,2026/12,17064.0
2026-07-13,042700,한미반도체,반도체와반도체장비,target_price,,380000.0
2026-07-13,042700,한미반도체,반도체와반도체장비,rev_e,2026/12,7850.0
2026-07-13,042700,한미반도체,반도체와반도체장비,op_e,2026/12,3694.0
2026-07-13,138040,메리츠금융지주,증권,target_price,,148000.0
2026-07-13,138040,메리츠금융지주,증권,op_e,2026/12,32058.0
2026-07-13,010140,삼성중공업,조선,target_price,,39900.0
2026-07-13,010140,삼성중공업,조선,rev_e,2026/12,128170.0
2026-07-13,010140,삼성중공업,조선,op_e,2026/12,14957.0
2026-07-13,096770,SK이노베이션,석유와가스,target_price,,166909.0
2026-07-13,096770,SK이노베이션,석유와가스,rev_e,2026/12,1022217.0
2026-07-13,096770,SK이노베이션,석유와가스,op_e,2026/12,50950.0
2026-07-13,064350,현대로템,우주항공과국방,target_price,,310500.0
2026-07-13,064350,현대로템,우주항공과국방,rev_e,2026/12,69403.0
2026-07-13,064350,현대로템,우주항공과국방,op_e,2026/12,11805.0
2026-07-13,011200,HMM,해운사,target_price,,22455.0
2026-07-13,011200,HMM,해운사,rev_e,2026/12,116563.0
2026-07-13,011200,HMM,해운사,op_e,2026/12,11608.0
2026-07-13,017670,SK텔레콤,무선통신서비스,target_price,,117059.0
2026-07-13,017670,SK텔레콤,무선통신서비스,rev_e,2026/12,177610.0
2026-07-13,017670,SK텔레콤,무선통신서비스,op_e,2026/12,19165.0
2026-07-13,051910,LG화학,화학,target_price,,449929.0
2026-07-13,051910,LG화학,화학,rev_e,2026/12,542857.0
2026-07-13,051910,LG화학,화학,op_e,2026/12,15532.0
2026-07-13,033780,KT&G,담배,target_price,,227143.0
2026-07-13,033780,KT&G,담배,rev_e,2026/12,69698.0
2026-07-13,033780,KT&G,담배,op_e,2026/12,15108.0
2026-07-13,196170,알테오젠,생물공학,target_price,,566667.0
2026-07-13,196170,알테오젠,생물공학,rev_e,2026/12,4674.0
2026-07-13,196170,알테오젠,생물공학,op_e,2026/12,2859.0
2026-07-13,024110,기업은행,은행,target_price,,27714.0
2026-07-13,024110,기업은행,은행,op_e,2026/12,37016.0
2026-07-13,079550,LIG디펜스앤에어로스페이스,우주항공과국방,target_price,,1160000.0
2026-07-13,079550,LIG디펜스앤에어로스페이스,우주항공과국방,rev_e,2026/12,51371.0
2026-07-13,079550,LIG디펜스앤에어로스페이스,우주항공과국방,op_e,2026/12,4501.0
2026-07-13,010950,S-Oil,석유와가스,target_price,,149176.0
2026-07-13,010950,S-Oil,석유와가스,rev_e,2026/12,417125.0
2026-07-13,010950,S-Oil,석유와가스,op_e,2026/12,35619.0
2026-07-13,011070,LG이노텍,전자장비와기기,target_price,,1219190.0
2026-07-13,011070,LG이노텍,전자장비와기기,rev_e,2026/12,245423.0
2026-07-13,011070,LG이노텍,전자장비와기기,op_e,2026/12,11680.0
2026-07-13,267250,HD현대,조선,target_price,,382000.0
2026-07-13,267250,HD현대,조선,rev_e,2026/12,807008.0
2026-07-13,267250,HD현대,조선,op_e,2026/12,90457.0
2026-07-13,035720,카카오,양방향미디어와서비스,target_price,,65235.0
2026-07-13,035720,카카오,양방향미디어와서비스,rev_e,2026/12,82450.0
2026-07-13,035720,카카오,양방향미디어와서비스,op_e,2026/12,9387.0
2026-07-13,003550,LG,복합기업,target_price,,144909.0
2026-07-13,003550,LG,복합기업,rev_e,2026/12,82094.0
2026-07-13,003550,LG,복합기업,op_e,2026/12,16183.0
2026-07-13,018260,삼성에스디에스,IT서비스,target_price,,250300.0
2026-07-13,018260,삼성에스디에스,IT서비스,rev_e,2026/12,143018.0
2026-07-13,018260,삼성에스디에스,IT서비스,op_e,2026/12,8342.0
2026-07-13,278470,에이피알,화장품,target_price,,524737.0
2026-07-13,278470,에이피알,화장품,rev_e,2026/12,28623.0
2026-07-13,278470,에이피알,화장품,op_e,2026/12,7140.0
2026-07-13,086280,현대글로비스,항공화물운송과물류,target_price,,324353.0
2026-07-13,086280,현대글로비스,항공화물운송과물류,rev_e,2026/12,320659.0
2026-07-13,086280,현대글로비스,항공화물운송과물류,op_e,2026/12,21753.0
2026-07-13,047810,한국항공우주,우주항공과국방,target_price,,221533.0
2026-07-13,047810,한국항공우주,우주항공과국방,rev_e,2026/12,56701.0
2026-07-13,047810,한국항공우주,우주항공과국방,op_e,2026/12,4680.0
2026-07-13,003670,포스코퓨처엠,화학,target_price,,255875.0
2026-07-13,003670,포스코퓨처엠,화학,rev_e,2026/12,33751.0
2026-07-13,003670,포스코퓨처엠,화학,op_e,2026/12,953.0
2026-07-13,030200,KT,다각화된통신서비스,target_price,,75111.0
2026-07-13,030200,KT,다각화된통신서비스,rev_e,2026/12,276995.0
2026-07-13,030200,KT,다각화된통신서비스,op_e,2026/12,20653.0
2026-07-13,071050,한국금융지주,증권,target_price,,346500.0
2026-07-13,071050,한국금융지주,증권,rev_e,2026/12,443840.0
2026-07-13,071050,한국금융지주,증권,op_e,2026/12,35233.0
2026-07-13,272210,한화시스템,우주항공과국방,target_price,,141583.0
2026-07-13,272210,한화시스템,우주항공과국방,rev_e,2026/12,43505.0
2026-07-13,272210,한화시스템,우주항공과국방,op_e,2026/12,2744.0
2026-07-13,307950,현대오토에버,IT서비스,target_price,,684063.0
2026-07-13,307950,현대오토에버,IT서비스,rev_e,2026/12,47613.0
2026-07-13,307950,현대오토에버,IT서비스,op_e,2026/12,2766.0
2026-07-13,247540,에코프로비엠,전기제품,target_price,,251588.0
2026-07-13,247540,에코프로비엠,전기제품,rev_e,2026/12,30484.0
2026-07-13,247540,에코프로비엠,전기제품,op_e,2026/12,1133.0
2026-07-13,000720,현대건설,건설,target_price,,213400.0
2026-07-13,000720,현대건설,건설,rev_e,2026/12,269135.0
2026-07-13,000720,현대건설,건설,op_e,2026/12,8244.0
2026-07-13,323410,카카오뱅크,은행,target_price,,30208.0
2026-07-13,323410,카카오뱅크,은행,op_e,2026/12,7101.0
2026-07-13,005940,NH투자증권,증권,target_price,,42750.0
2026-07-13,005940,NH투자증권,증권,rev_e,2026/12,238824.0
2026-07-13,005940,NH투자증권,증권,op_e,2026/12,21770.0
2026-07-13,259960,크래프톤,게임엔터테인먼트,target_price,,379444.0
2026-07-13,259960,크래프톤,게임엔터테인먼트,rev_e,2026/12,48472.0
2026-07-13,259960,크래프톤,게임엔터테인먼트,op_e,2026/12,14813.0
2026-07-13,005830,DB손해보험,손해보험,target_price,,218176.0
2026-07-13,005830,DB손해보험,손해보험,op_e,2026/12,20748.0
2026-07-13,016360,삼성증권,증권,target_price,,165611.0
2026-07-13,016360,삼성증권,증권,rev_e,2026/12,211630.0
2026-07-13,016360,삼성증권,증권,op_e,2026/12,22640.0
2026-07-13,003490,대한항공,항공사,target_price,,34615.0
2026-07-13,003490,대한항공,항공사,rev_e,2026/12,274182.0
2026-07-13,003490,대한항공,항공사,op_e,2026/12,8666.0
2026-07-13,006260,LS,전기장비,target_price,,621200.0
2026-07-13,006260,LS,전기장비,rev_e,2026/12,392372.0
2026-07-13,006260,LS,전기장비,op_e,2026/12,16669.0
2026-07-13,352820,하이브,방송과엔터테인먼트,target_price,,369500.0
2026-07-13,352820,하이브,방송과엔터테인먼트,rev_e,2026/12,44053.0
2026-07-13,352820,하이브,방송과엔터테인먼트,op_e,2026/12,2659.0
2026-07-13,047050,포스코인터내셔널,무역회사와판매업체,target_price,,101462.0
2026-07-13,047050,포스코인터내셔널,무역회사와판매업체,rev_e,2026/12,337217.0
2026-07-13,047050,포스코인터내셔널,무역회사와판매업체,op_e,2026/12,13941.0
2026-07-13,443060,HD현대마린솔루션,조선,target_price,,327000.0
2026-07-13,443060,HD현대마린솔루션,조선,rev_e,2026/12,24041.0
2026-07-13,443060,HD현대마린솔루션,조선,op_e,2026/12,4346.0
2026-07-13,161390,한국타이어앤테크놀로지,자동차부품,target_price,,85733.0
2026-07-13,161390,한국타이어앤테크놀로지,자동차부품,rev_e,2026/12,224556.0
2026-07-13,161390,한국타이어앤테크놀로지,자동차부품,op_e,2026/12,21431.0
2026-07-13,039490,키움증권,증권,target_price,,548118.0
2026-07-13,039490,키움증권,증권,rev_e,2026/12,255671.0
2026-07-13,039490,키움증권,증권,op_e,2026/12,21922.0
2026-07-13,036930,주성엔지니어링,반도체와반도체장비,target_price,,189500.0
2026-07-13,036930,주성엔지니어링,반도체와반도체장비,rev_e,2026/12,3514.0
2026-07-13,036930,주성엔지니어링,반도체와반도체장비,op_e,2026/12,602.0
2026-07-13,003230,삼양식품,식품,target_price,,1870714.0
2026-07-13,003230,삼양식품,식품,rev_e,2026/12,30626.0
2026-07-13,003230,삼양식품,식품,op_e,2026/12,7298.0
2026-07-13,028050,삼성E&A,건설,target_price,,67816.0
2026-07-13,028050,삼성E&A,건설,rev_e,2026/12,101875.0
2026-07-13,028050,삼성E&A,건설,op_e,2026/12,8840.0
2026-07-13,277810,레인보우로보틱스,기계,target_price,,915000.0
2026-07-13,277810,레인보우로보틱스,기계,rev_e,2026/12,600.0
2026-07-13,277810,레인보우로보틱스,기계,op_e,2026/12,40.0
2026-07-13,078930,GS,석유와가스,target_price,,98000.0
2026-07-13,078930,GS,석유와가스,rev_e,2026/12,276022.0
2026-07-13,078930,GS,석유와가스,op_e,2026/12,41970.0
2026-07-13,007660,이수페타시스,반도체와반도체장비,target_price,,179615.0
2026-07-13,007660,이수페타시스,반도체와반도체장비,rev_e,2026/12,15446.0
2026-07-13,007660,이수페타시스,반도체와반도체장비,op_e,2026/12,3259.0
2026-07-13,090430,아모레퍼시픽,화장품,target_price,,167667.0
2026-07-13,090430,아모레퍼시픽,화장품,rev_e,2026/12,46029.0
2026-07-13,090430,아모레퍼시픽,화장품,op_e,2026/12,4638.0
2026-07-13,064400,LG씨엔에스,IT서비스,target_price,,100700.0
2026-07-13,064400,LG씨엔에스,IT서비스,rev_e,2026/12,66178.0
2026-07-13,064400,LG씨엔에스,IT서비스,op_e,2026/12,6163.0
2026-07-13,047040,대우건설,건설,target_price,,32889.0
2026-07-13,047040,대우건설,건설,rev_e,2026/12,80967.0
2026-07-13,047040,대우건설,건설,op_e,2026/12,7131.0
2026-07-13,950160,코오롱티슈진,생물공학,target_price,,280000.0
2026-07-13,950160,코오롱티슈진,생물공학,rev_e,2026/12,60.0
2026-07-13,950160,코오롱티슈진,생물공학,op_e,2026/12,-290.0
2026-07-13,000880,한화,복합기업,target_price,,173700.0
2026-07-13,000880,한화,복합기업,rev_e,2026/12,849471.0
2026-07-13,000880,한화,복합기업,op_e,2026/12,56369.0
2026-07-13,021240,코웨이,가정용기기와용품,target_price,,125000.0
2026-07-13,021240,코웨이,가정용기기와용품,rev_e,2026/12,56212.0
2026-07-13,021240,코웨이,가정용기기와용품,op_e,2026/12,10136.0
2026-07-13,326030,SK바이오팜,제약,target_price,,147273.0
2026-07-13,326030,SK바이오팜,제약,rev_e,2026/12,9588.0
2026-07-13,326030,SK바이오팜,제약,op_e,2026/12,3377.0
2026-07-13,032640,LG유플러스,무선통신서비스,target_price,,19941.0
2026-07-13,032640,LG유플러스,무선통신서비스,rev_e,2026/12,156615.0
2026-07-13,032640,LG유플러스,무선통신서비스,op_e,2026/12,11111.0
2026-07-13,240810,원익IPS,반도체와반도체장비,target_price,,174200.0
2026-07-13,240810,원익IPS,반도체와반도체장비,rev_e,2026/12,13097.0
2026-07-13,240810,원익IPS,반도체와반도체장비,op_e,2026/12,1872.0
2026-07-13,267270,HD건설기계,기계,target_price,,216167.0
2026-07-13,267270,HD건설기계,기계,rev_e,2026/12,91940.0
2026-07-13,267270,HD건설기계,기계,op_e,2026/12,6959.0
2026-07-13,241560,두산밥캣,기계,target_price,,91071.0
2026-07-13,241560,두산밥캣,기계,rev_e,2026/12,93435.0
2026-07-13,241560,두산밥캣,기계,op_e,2026/12,7591.0
2026-07-13,138930,BNK금융지주,은행,target_price,,24400.0
2026-07-13,138930,BNK금융지주,은행,op_e,2026/12,11091.0
2026-07-13,353200,대덕전자,전자장비와기기,target_price,,203214.0
2026-07-13,353200,대덕전자,전자장비와기기,rev_e,2026/12,15254.0
2026-07-13,353200,대덕전자,전자장비와기기,op_e,2026/12,2502.0
2026-07-13,004170,신세계,백화점과일반상점,target_price,,805556.0
2026-07-13,004170,신세계,백화점과일반상점,rev_e,2026/12,72957.0
2026-07-13,004170,신세계,백화점과일반상점,op_e,2026/12,7610.0
2026-07-13,001440,대한전선,전기장비,target_price,,57200.0
2026-07-13,001440,대한전선,전기장비,rev_e,2026/12,42877.0
2026-07-13,001440,대한전선,전기장비,op_e,2026/12,1964.0
2026-07-13,029780,삼성카드,카드,target_price,,61500.0
2026-07-13,029780,삼성카드,카드,rev_e,2026/12,46257.0
2026-07-13,029780,삼성카드,카드,op_e,2026/12,8470.0
2026-07-13,058470,리노공업,반도체와반도체장비,target_price,,136167.0
2026-07-13,058470,리노공업,반도체와반도체장비,rev_e,2026/12,4520.0
2026-07-13,058470,리노공업,반도체와반도체장비,op_e,2026/12,2191.0
2026-07-13,009830,한화솔루션,에너지장비및서비스,target_price,,53770.0
2026-07-13,009830,한화솔루션,에너지장비및서비스,rev_e,2026/12,182146.0
2026-07-13,009830,한화솔루션,에너지장비및서비스,op_e,2026/12,7642.0
2026-07-13,000100,유한양행,제약,target_price,,129615.0
2026-07-13,000100,유한양행,제약,rev_e,2026/12,23445.0
2026-07-13,000100,유한양행,제약,op_e,2026/12,1322.0
2026-07-13,377300,카카오페이,IT서비스,target_price,,91250.0
2026-07-13,377300,카카오페이,IT서비스,rev_e,2026/12,12960.0
2026-07-13,377300,카카오페이,IT서비스,op_e,2026/12,1388.0
2026-07-13,319660,피에스케이,반도체와반도체장비,target_price,,179143.0
2026-07-13,319660,피에스케이,반도체와반도체장비,rev_e,2026/12,6742.0
2026-07-13,319660,피에스케이,반도체와반도체장비,op_e,2026/12,1797.0
2026-07-13,271560,오리온,식품,target_price,,180417.0
2026-07-13,271560,오리온,식품,rev_e,2026/12,37470.0
2026-07-13,271560,오리온,식품,op_e,2026/12,6508.0
2026-07-13,175330,JB금융지주,은행,target_price,,37588.0
2026-07-13,175330,JB금융지주,은행,op_e,2026/12,10077.0
2026-07-13,062040,산일전기,전기장비,target_price,,344571.0
2026-07-13,062040,산일전기,전기장비,rev_e,2026/12,6712.0
2026-07-13,062040,산일전기,전기장비,op_e,2026/12,2488.0
2026-07-13,036570,NC,게임엔터테인먼트,target_price,,370789.0
2026-07-13,036570,NC,게임엔터테인먼트,rev_e,2026/12,26502.0
2026-07-13,036570,NC,게임엔터테인먼트,op_e,2026/12,5027.0
2026-07-13,034220,LG디스플레이,디스플레이패널,target_price,,17813.0
2026-07-13,034220,LG디스플레이,디스플레이패널,rev_e,2026/12,251834.0
2026-07-13,034220,LG디스플레이,디스플레이패널,op_e,2026/12,11083.0
2026-07-13,128940,한미약품,제약,target_price,,668750.0
2026-07-13,128940,한미약품,제약,rev_e,2026/12,16762.0
2026-07-13,128940,한미약품,제약,op_e,2026/12,2961.0
2026-07-13,000990,DB하이텍,반도체와반도체장비,target_price,,196000.0
2026-07-13,000990,DB하이텍,반도체와반도체장비,rev_e,2026/12,16114.0
2026-07-13,000990,DB하이텍,반도체와반도체장비,op_e,2026/12,3668.0
2026-07-13,454910,두산로보틱스,기계,target_price,,145000.0
2026-07-13,454910,두산로보틱스,기계,rev_e,2026/12,590.0
2026-07-13,454910,두산로보틱스,기계,op_e,2026/12,130.0
2026-07-13,039030,이오테크닉스,반도체와반도체장비,target_price,,583333.0
2026-07-13,039030,이오테크닉스,반도체와반도체장비,rev_e,2026/12,5080.0
2026-07-13,039030,이오테크닉스,반도체와반도체장비,op_e,2026/12,1402.0
2026-07-13,298380,에이비엘바이오,생물공학,target_price,,220000.0
2026-07-13,298380,에이비엘바이오,생물공학,rev_e,2026/12,492.0
2026-07-13,298380,에이비엘바이오,생물공학,op_e,2026/12,-618.0
2026-07-13,023530,롯데쇼핑,백화점과일반상점,target_price,,220000.0
2026-07-13,023530,롯데쇼핑,백화점과일반상점,rev_e,2026/12,142687.0
2026-07-13,023530,롯데쇼핑,백화점과일반상점,op_e,2026/12,8035.0
2026-07-13,011790,SKC,화학,target_price,,130000.0
2026-07-13,011790,SKC,화학,rev_e,2026/12,22216.0
2026-07-13,011790,SKC,화학,op_e,2026/12,-604.0
2026-07-13,141080,리가켐바이오,제약,target_price,,224000.0
2026-07-13,141080,리가켐바이오,제약,rev_e,2026/12,1947.0
2026-07-13,141080,리가켐바이오,제약,op_e,2026/12,-826.0
2026-07-13,001040,CJ,복합기업,target_price,,251222.0
2026-07-13,001040,CJ,복합기업,rev_e,2026/12,471226.0
2026-07-13,001040,CJ,복합기업,op_e,2026/12,27187.0
2026-07-13,066970,엘앤에프,전기제품,target_price,,252500.0
2026-07-13,066970,엘앤에프,전기제품,rev_e,2026/12,34486.0
2026-07-13,066970,엘앤에프,전기제품,op_e,2026/12,2518.0
2026-07-13,000500,가온전선,전기장비,rev_e,2026/12,29455.0
2026-07-13,000500,가온전선,전기장비,op_e,2026/12,1060.0
2026-07-13,222800,심텍,전자장비와기기,target_price,,160556.0
2026-07-13,222800,심텍,전자장비와기기,rev_e,2026/12,19109.0
2026-07-13,222800,심텍,전자장비와기기,op_e,2026/12,1811.0
2026-07-13,082740,한화엔진,조선,target_price,,100125.0
2026-07-13,082740,한화엔진,조선,rev_e,2026/12,15575.0
2026-07-13,082740,한화엔진,조선,op_e,2026/12,2408.0
2026-07-13,010060,OCI홀딩스,화학,target_price,,395000.0
2026-07-13,010060,OCI홀딩스,화학,rev_e,2026/12,41880.0
2026-07-13,010060,OCI홀딩스,화학,op_e,2026/12,3751.0
2026-07-13,088350,한화생명,생명보험,target_price,,6267.0
2026-07-13,088350,한화생명,생명보험,op_e,2026/12,13570.0
2026-07-13,111770,영원무역,"섬유,의류,신발,호화품",target_price,,120556.0
2026-07-13,111770,영원무역,"섬유,의류,신발,호화품",rev_e,2026/12,44559.0
2026-07-13,111770,영원무역,"섬유,의류,신발,호화품",op_e,2026/12,6361.0
2026-07-13,052690,한전기술,전기유틸리티,target_price,,203818.0
2026-07-13,052690,한전기술,전기유틸리티,rev_e,2026/12,5938.0
2026-07-13,052690,한전기술,전기유틸리티,op_e,2026/12,738.0
2026-07-13,002380,KCC,건축자재,target_price,,752750.0
2026-07-13,002380,KCC,건축자재,rev_e,2026/12,67500.0
2026-07-13,002380,KCC,건축자재,op_e,2026/12,4153.0
2026-07-13,051900,LG생활건강,화장품,target_price,,268000.0
2026-07-13,051900,LG생활건강,화장품,rev_e,2026/12,62692.0
2026-07-13,051900,LG생활건강,화장품,op_e,2026/12,3422.0
2026-07-13,095610,테스,반도체와반도체장비,target_price,,177143.0
2026-07-13,095610,테스,반도체와반도체장비,rev_e,2026/12,4562.0
2026-07-13,095610,테스,반도체와반도체장비,op_e,2026/12,1004.0
2026-07-13,004020,현대제철,철강,target_price,,51167.0
2026-07-13,004020,현대제철,철강,rev_e,2026/12,239047.0
2026-07-13,004020,현대제철,철강,op_e,2026/12,4371.0
2026-07-13,440110,파두,반도체와반도체장비,target_price,,130000.0
2026-07-13,440110,파두,반도체와반도체장비,rev_e,2026/12,3015.0
2026-07-13,440110,파두,반도체와반도체장비,op_e,2026/12,448.0
2026-07-13,018880,한온시스템,자동차부품,target_price,,5097.0
2026-07-13,018880,한온시스템,자동차부품,rev_e,2026/12,113876.0
2026-07-13,018880,한온시스템,자동차부품,op_e,2026/12,4279.0
2026-07-13,347850,디앤디파마텍,생물공학,rev_e,2026/12,120.0
2026-07-13,347850,디앤디파마텍,생물공학,op_e,2026/12,-260.0
2026-07-13,084370,유진테크,반도체와반도체장비,target_price,,156667.0
2026-07-13,084370,유진테크,반도체와반도체장비,rev_e,2026/12,4910.0
2026-07-13,084370,유진테크,반도체와반도체장비,op_e,2026/12,1027.0
2026-07-13,403870,HPSP,반도체와반도체장비,target_price,,68000.0
2026-07-13,403870,HPSP,반도체와반도체장비,rev_e,2026/12,2408.0
2026-07-13,403870,HPSP,반도체와반도체장비,op_e,2026/12,1283.0
2026-07-13,214450,파마리서치,건강관리장비와용품,target_price,,481429.0
2026-07-13,214450,파마리서치,건강관리장비와용품,rev_e,2026/12,6633.0
2026-07-13,214450,파마리서치,건강관리장비와용품,op_e,2026/12,2662.0
2026-07-13,069960,현대백화점,백화점과일반상점,target_price,,219000.0
2026-07-13,069960,현대백화점,백화점과일반상점,rev_e,2026/12,42740.0
2026-07-13,069960,현대백화점,백화점과일반상점,op_e,2026/12,4359.0
2026-07-13,001450,현대해상,손해보험,target_price,,41824.0
2026-07-13,095340,ISC,반도체와반도체장비,target_price,,292500.0
2026-07-13,095340,ISC,반도체와반도체장비,rev_e,2026/12,3110.0
2026-07-13,095340,ISC,반도체와반도체장비,op_e,2026/12,1025.0
2026-07-13,035250,강원랜드,"호텔,레스토랑,레저",target_price,,21333.0
2026-07-13,035250,강원랜드,"호텔,레스토랑,레저",rev_e,2026/12,14823.0
2026-07-13,035250,강원랜드,"호텔,레스토랑,레저",op_e,2026/12,2213.0
2026-07-13,251270,넷마블,게임엔터테인먼트,target_price,,65000.0
2026-07-13,251270,넷마블,게임엔터테인먼트,rev_e,2026/12,28957.0
2026-07-13,251270,넷마블,게임엔터테인먼트,op_e,2026/12,3714.0
2026-07-13,214150,클래시스,건강관리장비와용품,target_price,,77688.0
2026-07-13,214150,클래시스,건강관리장비와용품,rev_e,2026/12,4675.0
2026-07-13,214150,클래시스,건강관리장비와용품,op_e,2026/12,2191.0
2026-07-13,383220,F&F,"섬유,의류,신발,호화품",target_price,,98800.0
2026-07-13,383220,F&F,"섬유,의류,신발,호화품",rev_e,2026/12,20802.0
2026-07-13,383220,F&F,"섬유,의류,신발,호화품",op_e,2026/12,5294.0
2026-07-13,031980,피에스케이홀딩스,반도체와반도체장비,target_price,,191600.0
2026-07-13,031980,피에스케이홀딩스,반도체와반도체장비,rev_e,2026/12,2694.0
2026-07-13,031980,피에스케이홀딩스,반도체와반도체장비,op_e,2026/12,1053.0
2026-07-13,108490,로보티즈,기계,target_price,,398000.0
2026-07-13,108490,로보티즈,기계,rev_e,2026/12,646.0
2026-07-13,108490,로보티즈,기계,op_e,2026/12,24.0
2026-07-13,036460,한국가스공사,가스유틸리티,target_price,,48750.0
2026-07-13,036460,한국가스공사,가스유틸리티,rev_e,2026/12,365537.0
2026-07-13,036460,한국가스공사,가스유틸리티,op_e,2026/12,22650.0
2026-07-13,145020,휴젤,생물공학,target_price,,378462.0
2026-07-13,145020,휴젤,생물공학,rev_e,2026/12,5251.0
2026-07-13,145020,휴젤,생물공학,op_e,2026/12,2170.0
2026-07-13,011780,금호석유화학,화학,target_price,,176750.0
2026-07-13,011780,금호석유화학,화학,rev_e,2026/12,74050.0
2026-07-13,011780,금호석유화학,화학,op_e,2026/12,3905.0
2026-07-13,031210,서울보증보험,손해보험,target_price,,56000.0
2026-07-13,336260,두산퓨얼셀,에너지장비및서비스,target_price,,79333.0
2026-07-13,336260,두산퓨얼셀,에너지장비및서비스,rev_e,2026/12,5772.0
2026-07-13,336260,두산퓨얼셀,에너지장비및서비스,op_e,2026/12,-249.0
2026-07-13,139130,iM금융지주,은행,target_price,,23980.0
2026-07-13,139130,iM금융지주,은행,op_e,2026/12,6607.0
2026-07-13,103590,일진전기,전기장비,target_price,,122667.0
2026-07-13,103590,일진전기,전기장비,rev_e,2026/12,22704.0
2026-07-13,103590,일진전기,전기장비,op_e,2026/12,2087.0
2026-07-13,097950,CJ제일제당,식품,target_price,,298462.0
2026-07-13,097950,CJ제일제당,식품,rev_e,2026/12,285812.0
2026-07-13,097950,CJ제일제당,식품,op_e,2026/12,12855.0
2026-07-13,009420,한올바이오파마,제약,target_price,,82250.0
2026-07-13,009420,한올바이오파마,제약,rev_e,2026/12,1697.0
2026-07-13,009420,한올바이오파마,제약,op_e,2026/12,17.0
2026-07-13,014680,한솔케미칼,화학,target_price,,399000.0
2026-07-13,014680,한솔케미칼,화학,rev_e,2026/12,9976.0
2026-07-13,014680,한솔케미칼,화학,op_e,2026/12,1880.0
2026-07-13,302440,SK바이오사이언스,제약,target_price,,49000.0
2026-07-13,302440,SK바이오사이언스,제약,rev_e,2026/12,7392.0
2026-07-13,302440,SK바이오사이언스,제약,op_e,2026/12,-1295.0
2026-07-13,028670,팬오션,해운사,target_price,,7669.0
2026-07-13,028670,팬오션,해운사,rev_e,2026/12,60923.0
2026-07-13,028670,팬오션,해운사,op_e,2026/12,5855.0
2026-07-13,131290,티에스이,반도체와반도체장비,target_price,,336667.0
2026-07-13,131290,티에스이,반도체와반도체장비,rev_e,2026/12,6172.0
2026-07-13,131290,티에스이,반도체와반도체장비,op_e,2026/12,1681.0
2026-07-13,310210,보로노이,제약,target_price,,450000.0
2026-07-13,310210,보로노이,제약,rev_e,2026/12,340.0
2026-07-13,310210,보로노이,제약,op_e,2026/12,-440.0
2026-07-13,161890,한국콜마,화장품,target_price,,129105.0
2026-07-13,161890,한국콜마,화장품,rev_e,2026/12,30672.0
2026-07-13,161890,한국콜마,화장품,op_e,2026/12,3148.0
2026-07-13,012750,에스원,상업서비스와공급품,target_price,,94000.0
2026-07-13,012750,에스원,상업서비스와공급품,rev_e,2026/12,29680.0
2026-07-13,012750,에스원,상업서비스와공급품,op_e,2026/12,1961.0
2026-07-13,237690,에스티팜,제약,target_price,,204071.0
2026-07-13,237690,에스티팜,제약,rev_e,2026/12,4169.0
2026-07-13,237690,에스티팜,제약,op_e,2026/12,776.0
2026-07-13,011170,롯데케미칼,화학,target_price,,124692.0
2026-07-13,011170,롯데케미칼,화학,rev_e,2026/12,216789.0
2026-07-13,011170,롯데케미칼,화학,op_e,2026/12,1671.0
2026-07-13,064760,티씨케이,반도체와반도체장비,target_price,,385000.0
2026-07-13,064760,티씨케이,반도체와반도체장비,rev_e,2026/12,3952.0
2026-07-13,064760,티씨케이,반도체와반도체장비,op_e,2026/12,1249.0
2026-07-13,067310,하나마이크론,반도체와반도체장비,target_price,,58750.0
2026-07-13,067310,하나마이크론,반도체와반도체장비,rev_e,2026/12,22475.0
2026-07-13,067310,하나마이크론,반도체와반도체장비,op_e,2026/12,3155.0
2026-07-13,006360,GS건설,건설,target_price,,46265.0
2026-07-13,006360,GS건설,건설,rev_e,2026/12,111215.0
2026-07-13,006360,GS건설,건설,op_e,2026/12,4689.0
2026-07-13,005850,에스엘,자동차부품,target_price,,92000.0
2026-07-13,005850,에스엘,자동차부품,rev_e,2026/12,57293.0
2026-07-13,005850,에스엘,자동차부품,op_e,2026/12,4617.0
2026-07-13,257720,실리콘투,인터넷과카탈로그소매,target_price,,55571.0
2026-07-13,257720,실리콘투,인터넷과카탈로그소매,rev_e,2026/12,15497.0
2026-07-13,257720,실리콘투,인터넷과카탈로그소매,op_e,2026/12,2732.0
2026-07-13,178320,서진시스템,전기장비,target_price,,78000.0
2026-07-13,178320,서진시스템,전기장비,rev_e,2026/12,18040.0
2026-07-13,178320,서진시스템,전기장비,op_e,2026/12,1826.0
2026-07-13,483650,달바글로벌,화장품,target_price,,299615.0
2026-07-13,483650,달바글로벌,화장품,rev_e,2026/12,7477.0
2026-07-13,483650,달바글로벌,화장품,op_e,2026/12,1606.0
2026-07-13,003690,코리안리,손해보험,target_price,,16333.0
2026-07-13,004800,효성,복합기업,target_price,,335000.0
2026-07-13,004800,효성,복합기업,rev_e,2026/12,24720.0
2026-07-13,004800,효성,복합기업,op_e,2026/12,4620.0
2026-07-13,357780,솔브레인,반도체와반도체장비,target_price,,549250.0
2026-07-13,357780,솔브레인,반도체와반도체장비,rev_e,2026/12,10934.0
2026-07-13,357780,솔브레인,반도체와반도체장비,op_e,2026/12,1924.0
2026-07-13,081660,미스토홀딩스,"섬유,의류,신발,호화품",target_price,,59111.0
2026-07-13,081660,미스토홀딩스,"섬유,의류,신발,호화품",rev_e,2026/12,47092.0
2026-07-13,081660,미스토홀딩스,"섬유,의류,신발,호화품",op_e,2026/12,5637.0
2026-07-13,089970,브이엠,반도체와반도체장비,target_price,,113500.0
2026-07-13,089970,브이엠,반도체와반도체장비,rev_e,2026/12,3218.0
2026-07-13,089970,브이엠,반도체와반도체장비,op_e,2026/12,965.0
2026-07-13,319400,현대무벡스,기계,rev_e,2026/12,4640.0
2026-07-13,319400,현대무벡스,기계,op_e,2026/12,210.0
2026-07-13,000240,한국앤컴퍼니,자동차부품,target_price,,33000.0
2026-07-13,000240,한국앤컴퍼니,자동차부품,rev_e,2026/12,15981.0
2026-07-13,000240,한국앤컴퍼니,자동차부품,op_e,2026/12,4574.0
2026-07-13,375500,DL이앤씨,건설,target_price,,115412.0
2026-07-13,375500,DL이앤씨,건설,rev_e,2026/12,69620.0
2026-07-13,375500,DL이앤씨,건설,op_e,2026/12,5130.0
2026-07-13,004990,롯데지주,복합기업,target_price,,36500.0
2026-07-13,004990,롯데지주,복합기업,rev_e,2026/12,158390.0
2026-07-13,004990,롯데지주,복합기업,op_e,2026/12,3797.0
2026-07-13,279570,케이뱅크,은행,target_price,,9000.0
2026-07-13,279570,케이뱅크,은행,op_e,2026/12,1404.0
2026-07-13,139480,이마트,백화점과일반상점,target_price,,121000.0
2026-07-13,139480,이마트,백화점과일반상점,rev_e,2026/12,293097.0
2026-07-13,139480,이마트,백화점과일반상점,op_e,2026/12,5488.0
2026-07-13,085620,미래에셋생명,생명보험,target_price,,14000.0
2026-07-13,204320,HL만도,자동차부품,target_price,,76889.0
2026-07-13,204320,HL만도,자동차부품,rev_e,2026/12,97540.0
2026-07-13,204320,HL만도,자동차부품,op_e,2026/12,4028.0
2026-07-13,007070,GS리테일,백화점과일반상점,target_price,,31538.0
2026-07-13,007070,GS리테일,백화점과일반상점,rev_e,2026/12,124165.0
2026-07-13,007070,GS리테일,백화점과일반상점,op_e,2026/12,3471.0
2026-07-13,007340,DN오토모티브,자동차부품,target_price,,55000.0
2026-07-13,007340,DN오토모티브,자동차부품,rev_e,2026/12,44186.0
2026-07-13,007340,DN오토모티브,자동차부품,op_e,2026/12,5720.0
2026-07-13,282330,BGF리테일,백화점과일반상점,target_price,,173267.0
2026-07-13,282330,BGF리테일,백화점과일반상점,rev_e,2026/12,94867.0
2026-07-13,282330,BGF리테일,백화점과일반상점,op_e,2026/12,2941.0
2026-07-13,263750,펄어비스,게임엔터테인먼트,target_price,,70778.0
2026-07-13,263750,펄어비스,게임엔터테인먼트,rev_e,2026/12,9164.0
2026-07-13,263750,펄어비스,게임엔터테인먼트,op_e,2026/12,4771.0
2026-07-13,489790,한화비전,통신장비,target_price,,109333.0
2026-07-13,489790,한화비전,통신장비,rev_e,2026/12,17909.0
2026-07-13,489790,한화비전,통신장비,op_e,2026/12,1623.0
2026-07-13,004370,농심,식품,target_price,,539091.0
2026-07-13,004370,농심,식품,rev_e,2026/12,37108.0
2026-07-13,004370,농심,식품,op_e,2026/12,2134.0
2026-07-13,030000,제일기획,광고,target_price,,25400.0
2026-07-13,030000,제일기획,광고,rev_e,2026/12,46981.0
2026-07-13,030000,제일기획,광고,op_e,2026/12,3340.0
2026-07-13,005440,현대지에프홀딩스,복합기업,target_price,,19750.0
2026-07-13,005440,현대지에프홀딩스,복합기업,rev_e,2026/12,83018.0
2026-07-13,005440,현대지에프홀딩스,복합기업,op_e,2026/12,3582.0
2026-07-13,192820,코스맥스,화장품,target_price,,246833.0
2026-07-13,192820,코스맥스,화장품,rev_e,2026/12,27642.0
2026-07-13,192820,코스맥스,화장품,op_e,2026/12,2328.0
2026-07-13,073240,금호타이어,자동차부품,target_price,,8222.0
2026-07-13,073240,금호타이어,자동차부품,rev_e,2026/12,50699.0
2026-07-13,073240,금호타이어,자동차부품,op_e,2026/12,5764.0
2026-07-13,420770,기가비스,반도체와반도체장비,target_price,,185000.0
2026-07-13,420770,기가비스,반도체와반도체장비,rev_e,2026/12,906.0
2026-07-13,420770,기가비스,반도체와반도체장비,op_e,2026/12,262.0
2026-07-13,018670,SK가스,가스유틸리티,target_price,,367000.0
2026-07-13,018670,SK가스,가스유틸리티,rev_e,2026/12,101795.0
2026-07-13,018670,SK가스,가스유틸리티,op_e,2026/12,6456.0
2026-07-13,071970,HD현대마린엔진,조선,target_price,,130167.0
2026-07-13,071970,HD현대마린엔진,조선,rev_e,2026/12,6096.0
2026-07-13,071970,HD현대마린엔진,조선,op_e,2026/12,1522.0
2026-07-13,462870,시프트업,게임엔터테인먼트,target_price,,45455.0
2026-07-13,462870,시프트업,게임엔터테인먼트,rev_e,2026/12,2085.0
2026-07-13,462870,시프트업,게임엔터테인먼트,op_e,2026/12,1080.0
2026-07-13,051600,한전KPS,전기유틸리티,target_price,,69818.0
2026-07-13,051600,한전KPS,전기유틸리티,rev_e,2026/12,16421.0
2026-07-13,051600,한전KPS,전기유틸리티,op_e,2026/12,1900.0
2026-07-13,008770,호텔신라,백화점과일반상점,target_price,,75538.0
2026-07-13,008770,호텔신라,백화점과일반상점,rev_e,2026/12,40713.0
2026-07-13,008770,호텔신라,백화점과일반상점,op_e,2026/12,1805.0
2026-07-13,290650,엘앤씨바이오,건강관리장비와용품,rev_e,2026/12,1604.0
2026-07-13,290650,엘앤씨바이오,건강관리장비와용품,op_e,2026/12,363.0
2026-07-13,457190,이수스페셜티케미컬,화학,rev_e,2026/12,4360.0
2026-07-13,457190,이수스페셜티케미컬,화학,op_e,2026/12,-9.0
2026-07-13,131970,두산테스나,반도체와반도체장비,target_price,,190857.0
2026-07-13,131970,두산테스나,반도체와반도체장비,rev_e,2026/12,3493.0
2026-07-13,131970,두산테스나,반도체와반도체장비,op_e,2026/12,484.0
2026-07-13,281820,케이씨텍,반도체와반도체장비,target_price,,127000.0
2026-07-13,281820,케이씨텍,반도체와반도체장비,rev_e,2026/12,6528.0
2026-07-13,281820,케이씨텍,반도체와반도체장비,op_e,2026/12,1462.0
2026-07-13,140860,파크시스템스,전자장비와기기,target_price,,364143.0
2026-07-13,140860,파크시스템스,전자장비와기기,rev_e,2026/12,2425.0
2026-07-13,140860,파크시스템스,전자장비와기기,op_e,2026/12,563.0
2026-07-13,020150,롯데에너지머티리얼즈,전자장비와기기,target_price,,80258.0
2026-07-13,020150,롯데에너지머티리얼즈,전자장비와기기,rev_e,2026/12,8833.0
2026-07-13,020150,롯데에너지머티리얼즈,전자장비와기기,op_e,2026/12,-376.0
2026-07-13,439260,대한조선,조선,target_price,,122000.0
2026-07-13,439260,대한조선,조선,rev_e,2026/12,13138.0
2026-07-13,439260,대한조선,조선,op_e,2026/12,3671.0
2026-07-13,035900,JYP Ent.,방송과엔터테인먼트,target_price,,88588.0
2026-07-13,035900,JYP Ent.,방송과엔터테인먼트,rev_e,2026/12,8852.0
2026-07-13,035900,JYP Ent.,방송과엔터테인먼트,op_e,2026/12,1750.0
2026-07-13,098460,고영,전자장비와기기,target_price,,48417.0
2026-07-13,098460,고영,전자장비와기기,rev_e,2026/12,3038.0
2026-07-13,098460,고영,전자장비와기기,op_e,2026/12,431.0
2026-07-13,103140,풍산,비철금속,target_price,,133218.0
2026-07-13,103140,풍산,비철금속,rev_e,2026/12,61466.0
2026-07-13,103140,풍산,비철금속,op_e,2026/12,3618.0
2026-07-13,112610,씨에스윈드,에너지장비및서비스,target_price,,77889.0
2026-07-13,112610,씨에스윈드,에너지장비및서비스,rev_e,2026/12,28940.0
2026-07-13,112610,씨에스윈드,에너지장비및서비스,op_e,2026/12,3032.0
2026-07-13,041510,에스엠,방송과엔터테인먼트,target_price,,128333.0
2026-07-13,041510,에스엠,방송과엔터테인먼트,rev_e,2026/12,12878.0
2026-07-13,041510,에스엠,방송과엔터테인먼트,op_e,2026/12,2007.0
2026-07-13,000120,CJ대한통운,항공화물운송과물류,target_price,,134417.0
2026-07-13,000120,CJ대한통운,항공화물운송과물류,rev_e,2026/12,129381.0
2026-07-13,000120,CJ대한통운,항공화물운송과물류,op_e,2026/12,5163.0
2026-07-13,007810,코리아써키트,전자장비와기기,target_price,,156667.0
2026-07-13,007810,코리아써키트,전자장비와기기,rev_e,2026/12,18086.0
2026-07-13,007810,코리아써키트,전자장비와기기,op_e,2026/12,1467.0
2026-07-13,475150,SK이터닉스,에너지장비및서비스,target_price,,54333.0
2026-07-13,475150,SK이터닉스,에너지장비및서비스,rev_e,2026/12,3856.0
2026-07-13,475150,SK이터닉스,에너지장비및서비스,op_e,2026/12,530.0
2026-07-13,183300,코미코,반도체와반도체장비,target_price,,170932.0
2026-07-13,183300,코미코,반도체와반도체장비,rev_e,2026/12,7194.0
2026-07-13,183300,코미코,반도체와반도체장비,op_e,2026/12,1289.0
2026-07-13,001740,SK네트웍스,복합기업,target_price,,9350.0
2026-07-13,001740,SK네트웍스,복합기업,rev_e,2026/12,69921.0
2026-07-13,001740,SK네트웍스,복합기업,op_e,2026/12,1240.0
2026-07-13,011210,현대위아,자동차부품,target_price,,97778.0
2026-07-13,011210,현대위아,자동차부품,rev_e,2026/12,88669.0
2026-07-13,011210,현대위아,자동차부품,op_e,2026/12,2314.0
2026-07-13,089030,테크윙,반도체와반도체장비,rev_e,2026/12,3718.0
2026-07-13,089030,테크윙,반도체와반도체장비,op_e,2026/12,985.0
2026-07-13,001800,오리온홀딩스,식품,rev_e,2026/12,37706.0
2026-07-13,001800,오리온홀딩스,식품,op_e,2026/12,6028.0
2026-07-13,120110,코오롱인더,화학,target_price,,113000.0
2026-07-13,120110,코오롱인더,화학,rev_e,2026/12,52526.0
2026-07-13,120110,코오롱인더,화학,op_e,2026/12,2243.0
2026-07-13,069620,대웅제약,제약,target_price,,204444.0
2026-07-13,069620,대웅제약,제약,rev_e,2026/12,16533.0
2026-07-13,069620,대웅제약,제약,op_e,2026/12,2065.0
2026-07-13,058610,에스피지,전기제품,target_price,,160000.0
2026-07-13,058610,에스피지,전기제품,rev_e,2026/12,3690.0
2026-07-13,058610,에스피지,전기제품,op_e,2026/12,238.0
2026-07-13,006040,동원산업,식품,target_price,,49333.0
2026-07-13,006040,동원산업,식품,rev_e,2026/12,101231.0
2026-07-13,006040,동원산업,식품,op_e,2026/12,5524.0
2026-07-13,096530,씨젠,생명과학도구및서비스,target_price,,44500.0
2026-07-13,096530,씨젠,생명과학도구및서비스,rev_e,2026/12,5322.0
2026-07-13,096530,씨젠,생명과학도구및서비스,op_e,2026/12,784.0
2026-07-13,097230,HJ중공업,건설,target_price,,37000.0
2026-07-13,097230,HJ중공업,건설,rev_e,2026/12,25720.0
2026-07-13,097230,HJ중공업,건설,op_e,2026/12,2050.0
2026-07-13,001120,LX인터내셔널,무역회사와판매업체,target_price,,67667.0
2026-07-13,001120,LX인터내셔널,무역회사와판매업체,rev_e,2026/12,180313.0
2026-07-13,001120,LX인터내셔널,무역회사와판매업체,op_e,2026/12,4786.0
2026-07-13,083650,비에이치아이,에너지장비및서비스,target_price,,110000.0
2026-07-13,083650,비에이치아이,에너지장비및서비스,rev_e,2026/12,11030.0
2026-07-13,083650,비에이치아이,에너지장비및서비스,op_e,2026/12,1201.0
2026-07-13,020560,아시아나항공,항공사,rev_e,2026/12,69880.0
2026-07-13,020560,아시아나항공,항공사,op_e,2026/12,-5700.0
2026-07-13,006280,녹십자,제약,target_price,,210833.0
2026-07-13,006280,녹십자,제약,rev_e,2026/12,20387.0
2026-07-13,006280,녹십자,제약,op_e,2026/12,747.0
2026-07-13,060370,LS마린솔루션,건설,target_price,,51000.0
2026-07-13,060370,LS마린솔루션,건설,rev_e,2026/12,3002.0
2026-07-13,060370,LS마린솔루션,건설,op_e,2026/12,183.0
2026-07-13,043260,성호전자,전기제품,target_price,,85000.0
2026-07-13,043260,성호전자,전기제품,rev_e,2026/12,3020.0
2026-07-13,043260,성호전자,전기제품,op_e,2026/12,401.0
2026-07-13,322000,HD현대에너지솔루션,에너지장비및서비스,target_price,,267500.0
2026-07-13,322000,HD현대에너지솔루션,에너지장비및서비스,rev_e,2026/12,6981.0
2026-07-13,322000,HD현대에너지솔루션,에너지장비및서비스,op_e,2026/12,1168.0
2026-07-13,093370,후성,화학,target_price,,20000.0
2026-07-13,093370,후성,화학,rev_e,2026/12,5928.0
2026-07-13,093370,후성,화학,op_e,2026/12,527.0
2026-07-13,082920,비츠로셀,전기제품,target_price,,61500.0
2026-07-13,082920,비츠로셀,전기제품,rev_e,2026/12,3060.0
2026-07-13,082920,비츠로셀,전기제품,op_e,2026/12,916.0
2026-07-13,229640,LS에코에너지,전기장비,target_price,,84714.0
2026-07-13,229640,LS에코에너지,전기장비,rev_e,2026/12,11859.0
2026-07-13,229640,LS에코에너지,전기장비,op_e,2026/12,807.0
2026-07-13,192080,더블유게임즈,게임엔터테인먼트,target_price,,82500.0
2026-07-13,192080,더블유게임즈,게임엔터테인먼트,rev_e,2026/12,8406.0
2026-07-13,192080,더블유게임즈,게임엔터테인먼트,op_e,2026/12,2853.0
2026-07-13,005070,코스모신소재,화학,target_price,,63667.0
2026-07-13,005070,코스모신소재,화학,rev_e,2026/12,6153.0
2026-07-13,005070,코스모신소재,화학,op_e,2026/12,141.0
2026-07-13,078600,대주전자재료,전자장비와기기,target_price,,191500.0
2026-07-13,078600,대주전자재료,전자장비와기기,rev_e,2026/12,3924.0
2026-07-13,078600,대주전자재료,전자장비와기기,op_e,2026/12,396.0
2026-07-13,017960,한국카본,조선,target_price,,57667.0
2026-07-13,017960,한국카본,조선,rev_e,2026/12,9487.0
2026-07-13,017960,한국카본,조선,op_e,2026/12,1798.0
2026-07-13,458870,씨어스,건강관리기술,target_price,,68400.0
2026-07-13,458870,씨어스,건강관리기술,rev_e,2026/12,1390.0
2026-07-13,458870,씨어스,건강관리기술,op_e,2026/12,604.0
2026-07-13,181710,NHN,IT서비스,target_price,,52600.0
2026-07-13,181710,NHN,IT서비스,rev_e,2026/12,28539.0
2026-07-13,181710,NHN,IT서비스,op_e,2026/12,1772.0
2026-07-13,218410,RFHIC,통신장비,target_price,,132600.0
2026-07-13,218410,RFHIC,통신장비,rev_e,2026/12,2616.0
2026-07-13,218410,RFHIC,통신장비,op_e,2026/12,542.0
2026-07-13,003540,대신증권,증권,target_price,,41667.0
2026-07-13,003540,대신증권,증권,op_e,2026/12,4233.0
2026-07-13,089860,롯데렌탈,도로와철도운송,target_price,,44778.0
2026-07-13,089860,롯데렌탈,도로와철도운송,rev_e,2026/12,30692.0
2026-07-13,089860,롯데렌탈,도로와철도운송,op_e,2026/12,3583.0
2026-07-13,003570,SNT다이내믹스,자동차부품,target_price,,77000.0
2026-07-13,003570,SNT다이내믹스,자동차부품,rev_e,2026/12,8077.0
2026-07-13,003570,SNT다이내믹스,자동차부품,op_e,2026/12,1121.0
2026-07-13,082640,동양생명,생명보험,target_price,,9900.0
2026-07-13,012630,HDC,건설,target_price,,35000.0
2026-07-13,012630,HDC,건설,rev_e,2026/12,69186.0
2026-07-13,012630,HDC,건설,op_e,2026/12,6860.0
2026-07-13,004000,롯데정밀화학,화학,target_price,,77500.0
2026-07-13,004000,롯데정밀화학,화학,rev_e,2026/12,19883.0
2026-07-13,004000,롯데정밀화학,화학,op_e,2026/12,1388.0
2026-07-13,361610,SK아이이테크놀로지,전기제품,target_price,,25667.0
2026-07-13,361610,SK아이이테크놀로지,전기제품,rev_e,2026/12,1899.0
2026-07-13,361610,SK아이이테크놀로지,전기제품,op_e,2026/12,-2448.0
2026-07-13,294870,IPARK현대산업개발,건설,target_price,,30923.0
2026-07-13,294870,IPARK현대산업개발,건설,rev_e,2026/12,39241.0
2026-07-13,294870,IPARK현대산업개발,건설,op_e,2026/12,5080.0
2026-07-13,298020,효성티앤씨,무역회사와판매업체,target_price,,602000.0
2026-07-13,298020,효성티앤씨,무역회사와판매업체,rev_e,2026/12,85459.0
2026-07-13,298020,효성티앤씨,무역회사와판매업체,op_e,2026/12,4463.0
2026-07-13,034230,파라다이스,"호텔,레스토랑,레저",target_price,,21833.0
2026-07-13,034230,파라다이스,"호텔,레스토랑,레저",rev_e,2026/12,12708.0
2026-07-13,034230,파라다이스,"호텔,레스토랑,레저",op_e,2026/12,1856.0
2026-07-13,032350,롯데관광개발,"호텔,레스토랑,레저",target_price,,27792.0
2026-07-13,032350,롯데관광개발,"호텔,레스토랑,레저",rev_e,2026/12,7828.0
2026-07-13,032350,롯데관광개발,"호텔,레스토랑,레저",op_e,2026/12,1986.0
2026-07-13,003380,하림지주,식품,target_price,,16500.0
2026-07-13,003380,하림지주,식품,rev_e,2026/12,147130.0
2026-07-13,003380,하림지주,식품,op_e,2026/12,10240.0
2026-07-13,039200,오스코텍,제약,target_price,,75000.0
2026-07-13,039200,오스코텍,제약,rev_e,2026/12,840.0
2026-07-13,039200,오스코텍,제약,op_e,2026/12,340.0
2026-07-13,195940,HK이노엔,제약,target_price,,68455.0
2026-07-13,195940,HK이노엔,제약,rev_e,2026/12,11139.0
2026-07-13,195940,HK이노엔,제약,op_e,2026/12,1316.0
2026-07-13,001430,세아베스틸지주,철강,target_price,,77611.0
2026-07-13,001430,세아베스틸지주,철강,rev_e,2026/12,39414.0
2026-07-13,001430,세아베스틸지주,철강,op_e,2026/12,1464.0
2026-07-13,166090,하나머티리얼즈,반도체와반도체장비,target_price,,106000.0
2026-07-13,166090,하나머티리얼즈,반도체와반도체장비,rev_e,2026/12,3852.0
2026-07-13,166090,하나머티리얼즈,반도체와반도체장비,op_e,2026/12,1002.0
2026-07-13,300720,한일시멘트,건축자재,target_price,,19500.0
2026-07-13,300720,한일시멘트,건축자재,rev_e,2026/12,13950.0
2026-07-13,300720,한일시멘트,건축자재,op_e,2026/12,1150.0
2026-07-13,000080,하이트진로,음료,target_price,,23667.0
2026-07-13,000080,하이트진로,음료,rev_e,2026/12,25124.0
2026-07-13,000080,하이트진로,음료,op_e,2026/12,1958.0
2026-07-13,347700,스피어,우주항공과국방,target_price,,50000.0
2026-07-13,347700,스피어,우주항공과국방,rev_e,2026/12,2400.0
2026-07-13,347700,스피어,우주항공과국방,op_e,2026/12,175.0
2026-07-13,077970,STX엔진,조선,target_price,,72000.0
2026-07-13,077970,STX엔진,조선,rev_e,2026/12,9494.0
2026-07-13,077970,STX엔진,조선,op_e,2026/12,1004.0
2026-07-13,491000,리브스메드,건강관리장비와용품,target_price,,120000.0
2026-07-13,491000,리브스메드,건강관리장비와용품,rev_e,2026/12,867.0
2026-07-13,491000,리브스메드,건강관리장비와용품,op_e,2026/12,-205.0
